First Name,Last Name,Gender,Class Date,LocationID,ClassID,Attendees,Income
Karine,Hagergham,Female,05/01/2023,1,1,17,£85.00
Jamill,Basindale,Male,07/01/2023,1,6,1,£6.00
Susanetta,Jefferies,Female,11/01/2023,1,3,10,£75.00
Gerald,McCome,Male,12/01/2023,1,1,1,£5.00
Cathie,Kopf,Female,16/01/2023,1,3,8,£60.00
Garvin,Ronaldson,Male,05/02/2023,1,4,1,£6.50
Aaron,Loos,Male,08/02/2023,1,5,18,£135.00
Rayna,Najera,Female,12/02/2023,1,4,12,£78.00
Vivienne,Eisikowitz,Female,14/02/2023,1,6,18,£108.00
Laurette,Hinchcliffe,Female,15/02/2023,1,2,20,£110.00
Oswell,Dering,Male,02/03/2023,1,1,7,£35.00
Terrence,Keeney,Male,07/03/2023,1,5,6,£45.00
Candide,Guerro,Female,11/03/2023,1,5,1,£7.50
Alyss,Arrault,Female,24/03/2023,1,3,2,£15.00
Dag,Dudman,Male,26/03/2023,1,1,1,£5.00
Bethany,Raitie,Female,01/04/2023,1,4,9,£58.50
Vassily,Giampietro,Male,01/04/2023,1,6,1,£6.00
Waring,Esche,Male,06/04/2023,1,1,4,£20.00
Truman,Disney,Male,09/04/2023,1,6,2,£12.00
Madalyn,Bilham,Female,14/04/2023,1,6,17,£102.00
Brennen,McGiff,Male,15/04/2023,1,2,19,£104.50
Orland,Klimuk,Male,21/04/2023,1,4,6,£39.00
Orren,Donegan,Male,24/04/2023,1,3,7,£52.50
Ailbert,Geggus,Male,25/04/2023,1,4,18,£117.00
Stephen,Milligan,Male,03/05/2023,1,2,15,£82.50
Tiffie,Costanza,Female,04/05/2023,1,5,16,£120.00
Haslett,Trude,Male,05/05/2023,1,2,9,£49.50
Chadwick,Nashe,Male,05/05/2023,1,5,3,£22.50
Valencia,Isaac,Female,06/05/2023,1,6,4,£24.00
Brigham,Pert,Male,07/05/2023,1,1,7,£35.00
Elna,Wilmington,Female,10/05/2023,1,1,8,£40.00
Manolo,Jorgesen,Male,10/05/2023,1,4,3,£19.50
Yves,Bursnell,Male,15/05/2023,1,2,17,£93.50
Arleta,Mandrey,Female,19/05/2023,1,2,11,£60.50
Wylma,Girardez,Female,20/05/2023,1,2,14,£77.00
Andre,Pratte,Male,23/05/2023,1,2,5,£27.50
Tersina,Rathke,Female,24/05/2023,1,3,20,£150.00
Emmalynne,Lassetter,Female,25/05/2023,1,2,13,£71.50
Rosalind,Kemer,Female,26/05/2023,1,3,12,£90.00
Auguste,Franssen,Female,30/05/2023,1,5,12,£90.00
Genevra,Zollner,Female,02/06/2023,1,2,9,£49.50
Jehu,Atterbury,Male,04/06/2023,1,3,8,£60.00
Maxie,Lilliman,Female,07/06/2023,1,5,17,£127.50
Reamonn,Teague,Male,07/06/2023,1,1,20,£100.00
Lila,Ballance,Female,12/06/2023,1,6,9,£54.00
Mikkel,Aronovitz,Male,15/06/2023,1,1,10,£50.00
Cordelia,Duncanson,Female,19/06/2023,1,1,20,£100.00
Durand,Grigor,Male,23/06/2023,1,6,16,£96.00
Pierre,Caton,Male,23/06/2023,1,5,7,£52.50
Christian,Hasard,Male,29/06/2023,1,6,4,£24.00
Elliot,Hackett,Male,30/06/2023,1,5,14,£105.00
Gwynne,Symon,Female,30/06/2023,1,3,5,£37.50
Joana,Asling,Female,06/07/2023,1,4,18,£117.00
Laverne,Percifull,Female,07/07/2023,1,6,8,£48.00
Alasteir,Moncreiffe,Male,08/07/2023,1,6,1,£6.00
Audrey,Szwandt,Female,09/07/2023,1,3,9,£67.50
Florella,Bunn,Female,16/07/2023,1,4,20,£130.00
Kendre,Baumber,Female,30/07/2023,1,5,4,£30.00
Roman,Paladino,Male,01/08/2023,1,5,10,£75.00
Sabrina,Biggins,Female,01/08/2023,1,5,13,£97.50
Augusta,Ropkins,Female,02/08/2023,1,4,13,£84.50
Jeanne,Pawelke,Male,02/08/2023,1,5,6,£45.00
Reinwald,Haycock,Male,04/08/2023,1,2,8,£44.00
Kimble,Berger,Male,05/08/2023,1,1,4,£20.00
Mahalia,Vost,Female,07/08/2023,1,4,3,£19.50
Thelma,Seeking,Female,15/08/2023,1,6,1,£6.00
Claudelle,Levensky,Female,15/08/2023,1,6,9,£54.00
Nial,Lammenga,Male,15/08/2023,1,2,5,£27.50
Virgilio,Titterell,Male,16/08/2023,1,1,11,£55.00
Odelia,Grayer,Female,20/08/2023,1,5,15,£112.50
Ernestine,Harnor,Female,22/08/2023,1,5,12,£90.00
Lind,Jennick,Male,24/08/2023,1,6,16,£96.00
Linnet,Dhennin,Female,25/08/2023,1,5,2,£15.00
Waring,Vase,Male,26/08/2023,1,5,8,£60.00
Ikey,Shotboulte,Male,27/08/2023,1,5,6,£45.00
Raymond,Hars,Male,27/08/2023,1,2,1,£5.50
Ashleigh,Scoggin,Female,02/09/2023,1,6,12,£72.00
Bendix,Yeo,Male,06/09/2023,1,2,20,£110.00
Kara-lynn,Gibling,Female,08/09/2023,1,5,17,£127.50
Lane,Ciotti,Male,08/09/2023,1,4,11,£71.50
Dugald,Dorling,Male,09/09/2023,1,6,19,£114.00
Wilbert,Ellard,Male,15/09/2023,1,4,3,£19.50
Rubin,Hamlen,Male,22/09/2023,1,4,3,£19.50
Hyman,Goodman,Male,26/09/2023,1,1,3,£15.00
Fern,Almey,Female,28/09/2023,1,5,17,£127.50
Charley,Pellissier,Female,05/10/2023,1,3,5,£37.50
Avrom,Geill,Male,10/10/2023,1,3,20,£150.00
Lotti,Riall,Female,14/10/2023,1,4,20,£130.00
Rickey,Woolveridge,Male,16/10/2023,1,5,17,£127.50
Lief,Sidwick,Male,19/10/2023,1,6,7,£42.00
Ailbert,Huntress,Male,21/10/2023,1,1,15,£75.00
Genny,Morey,Female,30/10/2023,1,3,3,£22.50
Minnaminnie,Tick,Female,02/11/2023,1,2,2,£11.00
Chico,Goodoune,Male,03/11/2023,1,5,13,£97.50
Gennifer,Parsons,Female,07/11/2023,1,4,2,£13.00
Lurleen,Frail,Female,07/11/2023,1,2,18,£99.00
Carla,Rattenbury,Female,12/11/2023,1,3,15,£112.50
Hillery,Peirson,Male,18/11/2023,1,3,19,£142.50
Myranda,Ensten,Female,19/11/2023,1,5,12,£90.00
Caterina,Juett,Female,21/11/2023,1,2,14,£77.00
Ailsun,Shoesmith,Female,28/11/2023,1,1,15,£75.00
Imogene,Rozanski,Female,29/11/2023,1,3,2,£15.00
Renee,Langham,Female,29/11/2023,1,5,9,£67.50
Harrison,Blenkinsopp,Male,03/12/2023,1,2,13,£71.50
Mitchell,Calveley,Male,04/12/2023,1,1,6,£30.00
Carlin,Braban,Male,05/12/2023,1,6,6,£36.00
Claiborn,Cherry,Male,06/12/2023,1,3,19,£142.50
Boonie,Robertucci,Male,09/12/2023,1,5,1,£7.50
Rhetta,Sharpe,Female,09/12/2023,1,4,10,£65.00
Brockie,Wrathmell,Male,10/12/2023,1,2,12,£66.00
Tommi,Rennicks,Female,12/12/2023,1,3,18,£135.00
Helen,Crabbe,Female,13/12/2023,1,6,14,£84.00
Rodolph,Maciocia,Male,18/12/2023,1,2,11,£60.50
Rosaleen,Vertey,Female,23/12/2023,1,3,18,£135.00
Lorry,Cassels,Female,25/12/2023,1,4,2,£13.00
Giulio,Niesel,Male,27/12/2023,1,3,12,£90.00
Jeddy,Maestro,Male,30/12/2023,1,6,18,£108.00
Fraser,Minet,Male,02/01/2023,2,1,2,£10.00
Eleonora,Schieferstein,Female,03/01/2023,2,3,3,£22.50
Symon,Sooley,Male,03/01/2023,2,4,13,£84.50
Filip,Fassbender,Male,04/01/2023,2,4,14,£91.00
Mordecai,Daily,Male,05/01/2023,2,2,12,£66.00
Berny,Langthorn,Male,06/01/2023,2,1,2,£10.00
Harold,Miller,Male,07/01/2023,2,5,4,£30.00
Leeland,Minker,Male,07/01/2023,2,1,13,£65.00
Tony,Pidgeon,Female,08/01/2023,2,1,16,£80.00
Engelbert,Sandever,Male,10/01/2023,2,5,5,£37.50
Creighton,Tungate,Male,11/01/2023,2,4,4,£26.00
Layne,Shark,Female,12/01/2023,2,5,15,£112.50
Hyacinth,Lodewick,Female,13/01/2023,2,1,10,£50.00
Nikki,Calveley,Female,14/01/2023,2,1,3,£15.00
Glenda,Jardine,Female,16/01/2023,2,3,20,£150.00
Elinore,Sey,Female,16/01/2023,2,4,20,£130.00
Antoni,Ceschelli,Male,31/01/2023,2,5,14,£105.00
Cleveland,Oppery,Male,02/02/2023,2,2,5,£27.50
Kenon,Seabon,Male,02/02/2023,2,3,2,£15.00
Alla,Gutridge,Female,12/02/2023,2,1,13,£65.00
Shaun,Swash,Female,13/02/2023,2,4,3,£19.50
Jacob,Wreath,Male,15/02/2023,2,1,5,£25.00
Creigh,Seakings,Male,16/02/2023,2,4,16,£104.00
Germain,Le Grys,Female,20/02/2023,2,2,16,£88.00
Gusty,Weiner,Male,26/02/2023,2,4,13,£84.50
Benjie,Schubart,Male,02/03/2023,2,4,13,£84.50
Odo,Breckenridge,Male,03/03/2023,2,2,17,£93.50
Corenda,Jochens,Female,07/03/2023,2,3,19,£142.50
Roley,Mcall,Male,09/03/2023,2,2,5,£27.50
Hugibert,Digance,Male,08/04/2023,2,6,11,£66.00
Dela,Popley,Female,09/04/2023,2,5,18,£135.00
Nert,Buckleigh,Female,11/04/2023,2,5,9,£67.50
Kiel,Derington,Male,17/04/2023,2,1,1,£5.00
Josiah,Niessen,Male,17/04/2023,2,6,20,£120.00
Melvin,Glanz,Male,18/04/2023,2,2,19,£104.50
Burg,Vittet,Male,21/04/2023,2,2,11,£60.50
Guillemette,Burcombe,Female,23/04/2023,2,5,10,£75.00
Salvidor,Kearford,Male,25/04/2023,2,4,1,£6.50
Heath,Itzakson,Male,02/05/2023,2,5,3,£22.50
Herold,Bartholin,Male,04/05/2023,2,1,6,£30.00
Bianka,McLagan,Female,08/05/2023,2,1,18,£90.00
Steffen,Aubrun,Male,11/05/2023,2,3,7,£52.50
Amberly,Dowbekin,Female,13/05/2023,2,2,18,£99.00
Cara,Sewall,Female,15/05/2023,2,1,10,£50.00
Delora,Jephcott,Female,01/06/2023,2,4,17,£110.50
Clio,Casoni,Female,03/06/2023,2,3,18,£135.00
Valerye,Charkham,Female,11/06/2023,2,1,11,£55.00
Auguste,Swanbourne,Female,13/06/2023,2,6,4,£24.00
Lavina,Grishakov,Female,17/06/2023,2,2,11,£60.50
Beckie,Swains,Female,19/06/2023,2,4,3,£19.50
Christos,Mathen,Male,20/06/2023,2,2,3,£16.50
Daryl,Armand,Male,21/06/2023,2,6,17,£102.00
Grange,Dance,Male,22/06/2023,2,4,11,£71.50
Coreen,Freckleton,Female,28/06/2023,2,6,14,£84.00
Raf,Synnot,Female,29/06/2023,2,3,8,£60.00
Valentijn,Predohl,Male,30/06/2023,2,4,7,£45.50
Erastus,Stoltz,Male,30/06/2023,2,4,19,£123.50
Chicky,Whebell,Male,10/07/2023,2,1,15,£75.00
Ludovico,Sherburn,Male,12/07/2023,2,2,4,£22.00
Duffie,Treece,Male,15/07/2023,2,6,7,£42.00
Jackelyn,Davitti,Female,17/07/2023,2,4,4,£26.00
Kevyn,Leidl,Female,19/07/2023,2,2,16,£88.00
Rodge,Brunini,Male,19/07/2023,2,3,13,£97.50
Carolan,Farra,Female,22/07/2023,2,5,9,£67.50
Jeannine,Barnshaw,Female,25/07/2023,2,3,4,£30.00
Phineas,Eastope,Male,26/07/2023,2,5,10,£75.00
Jewell,Langmaid,Female,26/07/2023,2,6,9,£54.00
Gabriello,Snoddy,Male,01/08/2023,2,3,4,£30.00
Alice,Roakes,Female,08/08/2023,2,2,6,£33.00
Lorene,Colgan,Female,12/08/2023,2,5,10,£75.00
Livia,Gillet,Female,12/08/2023,2,6,8,£48.00
Edgar,Work,Male,15/08/2023,2,1,20,£100.00
Isahella,Ropkins,Female,19/08/2023,2,5,1,£7.50
Bambi,Inskipp,Female,21/08/2023,2,2,20,£110.00
Britt,MacDermid,Female,28/08/2023,2,1,8,£40.00
Lind,Ryson,Male,30/08/2023,2,4,6,£39.00
Clifford,Pauncefoot,Male,10/09/2023,2,3,6,£45.00
Mortie,Ridoutt,Male,16/09/2023,2,5,10,£75.00
Caspar,Hofler,Male,21/09/2023,2,1,2,£10.00
Thomasin,Boughey,Female,23/09/2023,2,1,16,£80.00
Ketti,Corden,Female,23/09/2023,2,3,2,£15.00
Orlando,Randerson,Male,26/09/2023,2,3,9,£67.50
Gilly,Newgrosh,Female,30/09/2023,2,2,9,£49.50
Dougie,Trude,Male,03/10/2023,2,4,2,£13.00
Porter,Timoney,Male,04/10/2023,2,5,18,£135.00
Mateo,Eates,Male,07/10/2023,2,2,8,£44.00
Lurette,Crosfield,Female,10/10/2023,2,5,1,£7.50
Lennie,Johananoff,Male,11/10/2023,2,5,8,£60.00
Olav,Skirven,Male,14/10/2023,2,6,20,£120.00
Graeme,Heustace,Male,14/10/2023,2,2,12,£66.00
Meghan,Chitham,Female,15/10/2023,2,3,4,£30.00
Rutledge,Abbati,Male,16/10/2023,2,5,13,£97.50
Rem,Mildenhall,Male,19/10/2023,2,4,12,£78.00
Latrina,Bigadike,Female,26/10/2023,2,4,17,£110.50
Archer,Crehan,Male,27/10/2023,2,6,11,£66.00
Winnifred,Watting,Female,31/10/2023,2,5,15,£112.50
Benji,Kummerlowe,Male,04/11/2023,2,2,15,£82.50
Denney,Roche,Male,07/11/2023,2,4,9,£58.50
Ikey,Wenderott,Female,08/11/2023,2,6,8,£48.00
Son,Chellenham,Male,12/11/2023,2,1,20,£100.00
Godard,Willshaw,Male,12/11/2023,2,1,7,£35.00
Jud,Hanington,Male,15/11/2023,2,3,2,£15.00
Marcello,Evered,Male,15/11/2023,2,1,17,£85.00
Johanna,Hallatt,Female,15/11/2023,2,1,19,£95.00
Raphael,Rodgerson,Male,17/11/2023,2,5,4,£30.00
Cord,Gerasch,Male,18/11/2023,2,4,11,£71.50
Rachelle,Cock,Female,24/11/2023,2,3,19,£142.50
Charmine,McKennan,Female,26/11/2023,2,4,18,£117.00
Carmina,Vannuchi,Female,29/11/2023,2,3,19,£142.50
Ferdinande,Speeding,Male,01/12/2023,2,1,20,£100.00
Georgette,Billitteri,Female,05/12/2023,2,2,9,£49.50
Barrie,Heball,Female,09/12/2023,2,6,14,£84.00
Alano,Beese,Male,12/12/2023,2,1,5,£25.00
Stearne,Peevor,Male,15/12/2023,2,5,10,£75.00
Marie-ann,Standish-Brooks,Female,21/12/2023,2,6,8,£48.00
Nappy,Midford,Male,22/12/2023,2,4,19,£123.50
Louella,Willmont,Female,27/12/2023,2,3,14,£105.00
Consuela,Riste,Female,06/01/2023,3,6,7,£42.00
Gunther,Kynder,Male,07/01/2023,3,3,16,£120.00
Melita,Field,Female,20/01/2023,3,6,6,£36.00
Halley,Suttling,Female,24/01/2023,3,4,7,£45.50
Germaine,Escofier,Male,25/01/2023,3,6,20,£120.00
Orville,Greenhead,Male,28/01/2023,3,4,2,£13.00
Martin,Janatka,Male,31/01/2023,3,6,9,£54.00
Lucio,Charlo,Male,01/02/2023,3,2,20,£110.00
Sianna,Pauling,Female,02/02/2023,3,3,15,£112.50
Madella,Sirr,Female,07/02/2023,3,1,15,£75.00
Korney,Nevett,Female,14/02/2023,3,4,7,£45.50
Maximo,Zannutti,Male,15/02/2023,3,6,14,£84.00
Brande,Matteotti,Female,15/02/2023,3,6,13,£78.00
Kristian,Berends,Male,19/02/2023,3,1,7,£35.00
Duky,Piatkowski,Male,22/02/2023,3,2,15,£82.50
Dulsea,Showl,Female,23/02/2023,3,5,2,£15.00
Nicolle,Mathiot,Female,25/02/2023,3,1,10,£50.00
Donielle,Merrell,Female,25/02/2023,3,3,13,£97.50
Edlin,Stride,Male,25/02/2023,3,4,13,£84.50
Malorie,Daouse,Female,27/02/2023,3,3,4,£30.00
Brittani,Quinlan,Female,06/03/2023,3,5,4,£30.00
Eartha,Rickeard,Female,12/03/2023,3,2,13,£71.50
Carlie,Maffione,Female,13/03/2023,3,1,12,£60.00
Stefa,Conachy,Female,14/03/2023,3,6,2,£12.00
Davis,McEwen,Male,18/03/2023,3,4,13,£84.50
Wheeler,Mafham,Male,19/03/2023,3,3,15,£112.50
Beryle,Godfery,Female,22/03/2023,3,2,15,£82.50
Cletus,Pitney,Male,23/03/2023,3,5,15,£112.50
Mozes,Caddies,Male,24/03/2023,3,1,4,£20.00
Matthiew,Kynman,Male,24/03/2023,3,3,18,£135.00
Obadias,Wykes,Male,30/03/2023,3,4,15,£97.50
Mohandas,Hawthorn,Male,02/04/2023,3,6,11,£66.00
Cosette,Casado,Female,05/04/2023,3,5,9,£67.50
Alison,Bensley,Female,08/04/2023,3,4,12,£78.00
Ricardo,Doody,Male,08/04/2023,3,4,17,£110.50
Tades,Fergie,Male,18/04/2023,3,2,19,£104.50
Bev,Bransden,Male,21/04/2023,3,3,15,£112.50
Reyna,Kitchingman,Female,23/04/2023,3,4,20,£130.00
Lilah,McRamsey,Female,27/04/2023,3,5,6,£45.00
Roselle,De Ambrosi,Male,28/04/2023,3,2,10,£55.00
Lindsay,Antusch,Female,30/04/2023,3,4,7,£45.50
Stevie,Craster,Male,05/05/2023,3,3,1,£7.50
Beverie,Crutchfield,Female,07/05/2023,3,3,7,£52.50
Gerek,Kleinplac,Male,12/05/2023,3,3,16,£120.00
Husain,Langfat,Male,13/05/2023,3,4,2,£13.00
Porter,Day,Male,13/05/2023,3,5,1,£7.50
Cybil,Joiner,Female,13/05/2023,3,1,16,£80.00
Tracey,Hasslocher,Female,17/05/2023,3,6,17,£102.00
Tonye,Westwater,Male,18/05/2023,3,2,10,£55.00
Tandi,Endicott,Female,18/05/2023,3,6,3,£18.00
Rosanna,Davydzenko,Female,20/05/2023,3,4,15,£97.50
Lorenzo,Bondy,Male,21/05/2023,3,1,7,£35.00
Lorna,Woolnough,Female,26/05/2023,3,5,5,£37.50
Kellsie,Vowden,Female,31/05/2023,3,5,2,£15.00
Derrek,Yven,Male,04/06/2023,3,4,4,£26.00
Kirbee,Guyon,Female,08/06/2023,3,1,13,£65.00
Juditha,McCarl,Female,14/06/2023,3,2,9,£49.50
Tawsha,De Mitri,Female,16/06/2023,3,5,8,£60.00
Elsie,Mullinger,Female,30/06/2023,3,3,6,£45.00
Felike,Goutcher,Male,03/07/2023,3,6,7,£42.00
Jillie,Thyer,Female,04/07/2023,3,2,13,£71.50
Celie,Giannassi,Female,05/07/2023,3,4,12,£78.00
Patrica,Snel,Female,07/07/2023,3,2,9,£49.50
Nancey,Nibley,Female,10/07/2023,3,1,8,£40.00
Gibb,Lipscombe,Male,15/07/2023,3,5,13,£97.50
Cacilie,Dabney,Female,16/07/2023,3,3,13,£97.50
Montgomery,Whetnall,Male,27/07/2023,3,4,10,£65.00
Tanhya,Hanny,Female,28/07/2023,3,6,8,£48.00
Nappy,Goldster,Male,30/07/2023,3,2,20,£110.00
Mathe,Wiggam,Male,08/08/2023,3,2,3,£16.50
Tally,Pettersen,Male,12/08/2023,3,5,13,£97.50
Dianna,Claussen,Female,12/08/2023,3,1,3,£15.00
Alberto,Leyshon,Male,19/08/2023,3,1,19,£95.00
Gianina,Pezey,Female,25/08/2023,3,1,2,£10.00
Joell,Fairy,Female,03/09/2023,3,1,7,£35.00
Pru,Antosch,Female,07/09/2023,3,1,5,£25.00
Mamie,Corck,Female,08/09/2023,3,3,3,£22.50
Aloisia,Haville,Female,08/09/2023,3,5,1,£7.50
Douglass,Mottini,Male,09/09/2023,3,3,19,£142.50
Nellie,Calwell,Female,11/09/2023,3,6,19,£114.00
Jamie,Maydwell,Male,15/09/2023,3,4,5,£32.50
Alia,Ouldred,Female,17/09/2023,3,1,19,£95.00
Smith,Peto,Male,19/09/2023,3,5,15,£112.50
Minnie,Dubarry,Female,25/09/2023,3,1,1,£5.00
Keslie,Aberdalgy,Female,28/09/2023,3,3,15,£112.50
Mycah,Marrow,Male,29/09/2023,3,2,9,£49.50
Ulrikaumeko,Vittel,Female,30/09/2023,3,2,20,£110.00
Shir,Kiraly,Female,15/10/2023,3,6,19,£114.00
Blondell,Doerling,Female,17/10/2023,3,2,16,£88.00
Olag,Cuesta,Male,19/10/2023,3,4,3,£19.50
Helga,Shoveller,Female,22/10/2023,3,1,17,£85.00
Bill,Grange,Female,23/10/2023,3,1,17,£85.00
Yul,Bredes,Male,30/10/2023,3,4,3,£19.50
Ashly,Spreadbury,Female,01/11/2023,3,4,8,£52.00
Andreas,Corzon,Male,11/11/2023,3,4,20,£130.00
Hanan,Mobius,Male,13/11/2023,3,5,12,£90.00
Mona,Cromb,Female,16/11/2023,3,3,16,£120.00
Bobbette,Bladder,Female,17/11/2023,3,6,9,£54.00
Constantino,McLaughlin,Male,22/11/2023,3,4,19,£123.50
Matthew,Coxhell,Male,11/12/2023,3,4,9,£58.50
Raffarty,Preble,Female,15/12/2023,3,6,17,£102.00
Tadeo,Clewes,Male,17/12/2023,3,4,6,£39.00
Pepillo,Nettle,Male,18/12/2023,3,2,14,£77.00
Terrill,Theunissen,Male,20/12/2023,3,4,12,£78.00
Abigale,Backen,Female,22/12/2023,3,6,15,£90.00
Patrice,Wissbey,Female,29/12/2023,3,6,2,£12.00
Cristi,Beckingham,Female,07/01/2023,4,3,11,£82.50
Justis,Bus,Male,08/01/2023,4,2,12,£66.00
Carol,Titterington,Female,18/01/2023,4,4,14,£91.00
Claudell,Sibbit,Male,18/01/2023,4,5,20,£150.00
Nona,Insoll,Female,19/01/2023,4,4,13,£84.50
Debi,Espinoy,Female,21/01/2023,4,4,9,£58.50
Anabal,MacGaffey,Female,22/01/2023,4,1,11,£55.00
Rachele,Gillio,Female,24/01/2023,4,3,5,£37.50
Marietta,Lindenfeld,Male,28/01/2023,4,4,13,£84.50
Kinna,Wathen,Female,30/01/2023,4,1,2,£10.00
Prentiss,Noton,Male,03/02/2023,4,4,13,£84.50
Elissa,O'Spillane,Female,03/02/2023,4,3,16,£120.00
Prissie,Cuer,Female,05/02/2023,4,5,20,£150.00
Meagan,Bleckly,Female,05/02/2023,4,3,2,£15.00
Emery,O' Quirk,Male,08/02/2023,4,5,7,£52.50
Mikael,Klulik,Male,09/02/2023,4,3,10,£75.00
Bartel,Stallon,Male,12/02/2023,4,5,5,£37.50
Robinia,Goodwin,Female,14/02/2023,4,3,6,£45.00
Robbyn,Dillestone,Female,14/02/2023,4,1,19,£95.00
Lyman,Wildgoose,Male,22/02/2023,4,1,6,£30.00
Phyllys,Langelay,Female,07/03/2023,4,5,17,£127.50
Kimmi,Hardern,Female,08/03/2023,4,3,1,£7.50
Nicko,Orbine,Male,09/03/2023,4,3,5,£37.50
Eloise,Rendbaek,Female,09/03/2023,4,6,17,£102.00
Georgeanne,Barlee,Female,11/03/2023,4,4,6,£39.00
Levy,Lafferty,Male,17/03/2023,4,1,8,£40.00
Gardie,Spratling,Male,23/03/2023,4,3,2,£15.00
Odo,Bowton,Male,24/03/2023,4,3,11,£82.50
Janella,Pottage,Female,11/04/2023,4,5,18,£135.00
Elene,Whicher,Female,11/04/2023,4,2,17,£93.50
Herschel,Vandenhoff,Male,15/04/2023,4,5,17,£127.50
Worthington,Jaouen,Male,18/04/2023,4,6,8,£48.00
Barbette,Thraves,Female,20/04/2023,4,4,2,£13.00
Tymothy,Shafe,Male,22/04/2023,4,3,9,£67.50
Phillip,Turneaux,Male,22/04/2023,4,3,19,£142.50
Grier,Wotherspoon,Female,24/04/2023,4,1,2,£10.00
Luigi,Auton,Male,26/04/2023,4,5,5,£37.50
Myrle,Milham,Female,30/04/2023,4,3,15,£112.50
Cobbie,Troup,Male,03/05/2023,4,2,16,£88.00
Raphaela,Morgon,Female,05/05/2023,4,3,10,£75.00
Judie,Ballantine,Female,07/05/2023,4,1,18,£90.00
Briano,Botright,Male,11/05/2023,4,3,4,£30.00
Vivien,Jirusek,Female,13/05/2023,4,3,8,£60.00
Brana,Golt,Female,14/05/2023,4,1,3,£15.00
Adelle,Coaster,Female,14/05/2023,4,2,13,£71.50
Frayda,Clemenson,Female,16/05/2023,4,6,19,£114.00
Cora,Mauchlen,Female,24/05/2023,4,3,13,£97.50
Stanfield,Calken,Male,26/05/2023,4,5,4,£30.00
Francklyn,Gilyott,Male,28/05/2023,4,3,10,£75.00
Torey,Frankom,Female,30/05/2023,4,1,20,£100.00
Irina,Sprouls,Female,31/05/2023,4,3,10,£75.00
Cece,Ruseworth,Male,04/06/2023,4,6,3,£18.00
Arielle,Cattemull,Female,05/06/2023,4,5,19,£142.50
Torey,McKelloch,Female,05/06/2023,4,6,1,£6.00
Angie,Morrad,Male,10/06/2023,4,5,15,£112.50
Leon,Dressel,Male,12/06/2023,4,1,20,£100.00
Delmer,Satford,Male,15/06/2023,4,6,9,£54.00
Monroe,Lofty,Male,26/06/2023,4,4,9,£58.50
Karylin,McCusker,Female,03/07/2023,4,4,19,£123.50
Dawna,Hatliffe,Female,04/07/2023,4,1,7,£35.00
Gabriel,Snoddon,Female,05/07/2023,4,1,13,£65.00
Natalee,Scamerden,Female,07/07/2023,4,5,12,£90.00
Mozes,Laurenty,Male,12/07/2023,4,4,5,£32.50
Ruperta,Bilham,Female,14/07/2023,4,5,17,£127.50
Cherilynn,Biesty,Female,15/07/2023,4,2,14,£77.00
Darrell,Bockh,Male,19/07/2023,4,4,2,£13.00
Vicky,Lefort,Female,22/07/2023,4,3,10,£75.00
Maddalena,Tedman,Female,23/07/2023,4,1,15,£75.00
Maxim,Raistrick,Male,23/07/2023,4,4,5,£32.50
Nichols,Pettwood,Male,26/07/2023,4,1,9,£45.00
Ulric,Meiklejohn,Male,26/07/2023,4,5,11,£82.50
Pammie,Durbridge,Female,27/07/2023,4,6,4,£24.00
Aluin,Edwicker,Male,29/07/2023,4,2,4,£22.00
Garvy,Fouracre,Male,30/07/2023,4,3,1,£7.50
Collin,Kubal,Male,06/08/2023,4,1,9,£45.00
Lida,Donaldson,Female,08/08/2023,4,6,3,£18.00
Cordey,McCulloch,Female,10/08/2023,4,5,15,£112.50
Rubin,Quimby,Male,12/08/2023,4,6,1,£6.00
Luisa,Farragher,Female,17/08/2023,4,6,13,£78.00
Aubrey,Reinhard,Male,19/08/2023,4,4,15,£97.50
Jeremiah,Pont,Male,22/08/2023,4,3,12,£90.00
Arvie,Dussy,Male,26/08/2023,4,4,9,£58.50
Mendel,Bidnall,Male,01/09/2023,4,3,6,£45.00
Courtnay,Durran,Male,03/09/2023,4,6,8,£48.00
Kristoforo,Parris,Male,20/09/2023,4,5,1,£7.50
Rich,Lawie,Male,21/09/2023,4,5,1,£7.50
Robb,Blaik,Male,22/09/2023,4,5,1,£7.50
Ethan,Piscot,Male,25/09/2023,4,5,17,£127.50
Onofredo,Truelove,Male,26/09/2023,4,6,14,£84.00
Wilhelmine,Semple,Female,27/09/2023,4,3,4,£30.00
Mackenzie,Bromehead,Male,28/09/2023,4,1,2,£10.00
Billie,Ahren,Female,30/09/2023,4,6,17,£102.00
Clim,Markwell,Male,08/10/2023,4,4,14,£91.00
Dulsea,Lanbertoni,Female,12/10/2023,4,4,19,£123.50
Greta,Thornally,Female,12/10/2023,4,4,17,£110.50
Alta,Stigger,Female,17/10/2023,4,5,20,£150.00
Dev,Sambiedge,Male,22/10/2023,4,3,18,£135.00
Penny,Kynnd,Female,24/10/2023,4,3,5,£37.50
Wit,Linnemann,Male,25/10/2023,4,6,18,£108.00
Efrem,Prothero,Male,25/10/2023,4,3,1,£7.50
Woody,Fazakerley,Male,02/11/2023,4,4,11,£71.50
Zorina,Barajas,Female,09/11/2023,4,5,10,£75.00
Dona,East,Female,12/11/2023,4,2,9,£49.50
Janeva,Fundell,Female,13/11/2023,4,4,9,£58.50
Royce,Cawood,Male,14/11/2023,4,3,19,£142.50
Albert,McCleod,Male,15/11/2023,4,6,20,£120.00
Bridget,Prest,Female,23/11/2023,4,2,11,£60.50
Brant,Joskowitz,Male,09/12/2023,4,1,15,£75.00
Emmaline,Pinchin,Female,17/12/2023,4,1,18,£90.00
Otho,Stinson,Male,18/12/2023,4,2,13,£71.50
Shaylah,Whittenbury,Female,19/12/2023,4,3,11,£82.50
Moise,Djekovic,Male,23/12/2023,4,1,5,£25.00
Shani,Clemetts,Female,23/12/2023,4,2,8,£44.00
Issiah,Kinder,Male,24/12/2023,4,3,4,£30.00
Nolly,Mouatt,Male,28/12/2023,4,3,15,£112.50
Marcel,Slisby,Male,30/12/2023,4,3,13,£97.50
Kellen,Januszewicz,Male,30/12/2023,4,4,13,£84.50
Merridie,Schukraft,Female,03/01/2023,5,2,13,£71.50
Cassie,Hynam,Male,04/01/2023,5,1,15,£75.00
Rona,Paal,Female,09/01/2023,5,5,18,£135.00
Marylynne,Matejic,Female,09/01/2023,5,6,15,£90.00
Pamella,Fitchell,Female,12/01/2023,5,4,6,£39.00
Alexia,Benedicte,Female,13/01/2023,5,1,5,£25.00
Kevina,Heathwood,Female,14/01/2023,5,4,2,£13.00
Danika,Fattori,Female,30/01/2023,5,1,5,£25.00
Sonnie,Cordner,Female,31/01/2023,5,3,15,£112.50
Karry,Shireff,Female,01/02/2023,5,5,13,£97.50
Perle,Pingstone,Female,01/02/2023,5,2,13,£71.50
Cindy,Wrankling,Female,04/02/2023,5,2,4,£22.00
Vanya,Badcock,Female,04/02/2023,5,6,19,£114.00
Beverlee,Vockings,Female,05/02/2023,5,6,19,£114.00
Boris,Wilber,Male,10/02/2023,5,3,20,£150.00
Lonnie,Mogg,Female,14/02/2023,5,6,16,£96.00
Mirabella,Mourgue,Female,14/02/2023,5,1,14,£70.00
Melosa,Pendock,Female,16/02/2023,5,4,2,£13.00
Jeth,Trusty,Male,17/02/2023,5,4,4,£26.00
Kerk,Burker,Male,24/02/2023,5,4,7,£45.50
Waldemar,Webb-Bowen,Male,14/03/2023,5,6,11,£66.00
Neil,Kaminski,Male,18/03/2023,5,2,4,£22.00
Biron,Stribling,Male,21/03/2023,5,4,16,£104.00
Lauren,Bernardy,Male,23/03/2023,5,6,9,£54.00
Ingaborg,Fesby,Female,29/03/2023,5,3,20,£150.00
Worth,Job,Male,31/03/2023,5,6,13,£78.00
Letty,Frossell,Female,02/04/2023,5,3,5,£37.50
Ulric,MacRitchie,Male,07/04/2023,5,2,3,£16.50
Ailina,Feander,Female,08/04/2023,5,5,19,£142.50
Bert,Raulston,Male,08/04/2023,5,1,20,£100.00
Hubert,Greenman,Male,10/04/2023,5,6,2,£12.00
Wilona,Patemore,Female,12/04/2023,5,4,19,£123.50
Rosabella,Cominoli,Female,18/04/2023,5,4,9,£58.50
Adele,Midden,Female,19/04/2023,5,3,9,£67.50
Bette-ann,Ginty,Female,24/04/2023,5,4,16,£104.00
Sheilah,Ropkes,Female,26/04/2023,5,1,5,£25.00
Spenser,Pancast,Male,26/04/2023,5,6,12,£72.00
Nels,Morrilly,Male,27/04/2023,5,4,2,£13.00
Cally,Chillingworth,Female,04/05/2023,5,6,7,£42.00
Sheryl,Seagood,Female,05/05/2023,5,2,1,£5.50
York,Behrend,Male,05/05/2023,5,3,5,£37.50
Reuben,Franken,Male,06/05/2023,5,5,13,£97.50
Joan,Alesi,Female,06/05/2023,5,3,9,£67.50
Xymenes,Havesides,Male,12/05/2023,5,4,1,£6.50
Corry,Armal,Female,13/05/2023,5,5,4,£30.00
Stepha,Koschek,Female,15/05/2023,5,1,16,£80.00
Sheridan,Gwinnett,Male,16/05/2023,5,1,2,£10.00
Mervin,Salvatore,Male,20/05/2023,5,4,9,£58.50
Lamar,Richichi,Male,22/05/2023,5,1,19,£95.00
Sly,d' Elboux,Male,22/05/2023,5,5,16,£120.00
Gwynne,Pordall,Female,30/05/2023,5,6,8,£48.00
Jessie,Bartoleyn,Female,09/06/2023,5,4,6,£39.00
Nikaniki,Fallen,Female,10/06/2023,5,6,14,£84.00
Dori,Tailby,Female,17/06/2023,5,2,6,£33.00
Selestina,Mawby,Female,19/06/2023,5,3,16,£120.00
Fulvia,Purser,Female,21/06/2023,5,1,15,£75.00
Haroun,Finlator,Male,27/06/2023,5,4,11,£71.50
Eva,Benedict,Female,05/07/2023,5,3,8,£60.00
Fayth,Spilstead,Female,06/07/2023,5,1,15,£75.00
Nanni,Aisman,Female,08/07/2023,5,3,13,£97.50
Kacey,Lauxmann,Female,14/07/2023,5,4,15,£97.50
Marjy,McGillacoell,Female,15/07/2023,5,6,19,£114.00
Tera,Adamsen,Female,16/07/2023,5,1,10,£50.00
Herbie,Le Grys,Male,18/07/2023,5,6,17,£102.00
Fabian,Kupper,Male,18/07/2023,5,3,9,£67.50
Jacklyn,Wibberley,Female,28/07/2023,5,1,7,£35.00
Israel,Muzzlewhite,Male,30/07/2023,5,2,7,£38.50
Addie,Brislawn,Female,30/07/2023,5,1,13,£65.00
Jerald,Easdon,Male,09/08/2023,5,1,13,£65.00
Rafaellle,Hugo,Male,15/08/2023,5,4,17,£110.50
Addie,Crichmer,Male,17/08/2023,5,6,15,£90.00
Sherlocke,Muzzi,Male,23/08/2023,5,5,17,£127.50
Jessalyn,Boundey,Female,25/08/2023,5,4,3,£19.50
Amye,Tindle,Female,26/08/2023,5,5,5,£37.50
Patrice,Jedrysik,Female,27/08/2023,5,5,20,£150.00
Drucie,Brazenor,Female,31/08/2023,5,2,5,£27.50
Eva,Walworche,Female,05/09/2023,5,6,12,£72.00
Ferrell,Davenhill,Male,07/09/2023,5,1,6,£30.00
Neil,Madoc-Jones,Male,07/09/2023,5,2,11,£60.50
Hillie,Crouse,Male,10/09/2023,5,3,20,£150.00
Mariel,Feaveer,Female,12/09/2023,5,6,16,£96.00
Neddie,Millsom,Male,13/09/2023,5,5,13,£97.50
Alard,Abramin,Male,15/09/2023,5,6,9,£54.00
Amberly,Steventon,Female,19/09/2023,5,5,10,£75.00
Nichole,Robillard,Female,27/09/2023,5,3,19,£142.50
Ekaterina,Blandamere,Male,27/09/2023,5,5,9,£67.50
Lucais,Christescu,Male,07/10/2023,5,3,14,£105.00
Dion,Halleday,Male,14/10/2023,5,5,10,£75.00
Kingston,McLewd,Male,15/10/2023,5,5,18,£135.00
Jesse,Ca,Male,17/10/2023,5,5,12,£90.00
Brigida,Stains,Female,18/10/2023,5,1,8,£40.00
Hamlen,Amorine,Male,18/10/2023,5,4,5,£32.50
Hamish,Colthard,Male,20/10/2023,5,4,8,£52.00
Billi,Adamec,Female,22/10/2023,5,6,10,£60.00
Leora,Field,Female,28/10/2023,5,3,7,£52.50
Vivie,Jagger,Female,30/10/2023,5,5,15,£112.50
Tobit,Wehnerr,Male,31/10/2023,5,5,8,£60.00
Fredek,Ganniclifft,Male,03/11/2023,5,2,2,£11.00
Corty,Tuckie,Male,05/11/2023,5,1,5,£25.00
Sinclare,Ciccoloi,Male,06/11/2023,5,2,20,£110.00
Erich,Willingale,Male,06/11/2023,5,2,7,£38.50
Vanni,Maffulli,Female,07/11/2023,5,2,18,£99.00
Bryna,Baldrick,Female,08/11/2023,5,6,7,£42.00
Karel,Carayol,Female,10/11/2023,5,3,8,£60.00
Arnold,McGrann,Male,16/11/2023,5,6,8,£48.00
Darbee,Couper,Male,16/11/2023,5,4,9,£58.50
Jonah,Boleyn,Male,17/11/2023,5,2,9,£49.50
Karita,Hurleston,Female,22/11/2023,5,1,6,£30.00
Cly,Van der Beken,Male,24/11/2023,5,3,19,£142.50
Andres,Loft,Male,24/11/2023,5,4,11,£71.50
Rafaelia,Praton,Female,25/11/2023,5,3,14,£105.00
Pansy,Kermode,Female,25/11/2023,5,4,2,£13.00
Mano,Slidders,Male,27/11/2023,5,2,10,£55.00
Domeniga,Aire,Female,29/11/2023,5,5,12,£90.00
Chico,Dalrymple,Male,30/11/2023,5,5,20,£150.00
Gabriellia,Cushelly,Female,05/12/2023,5,2,16,£88.00
Bartolemo,Bloxland,Male,05/12/2023,5,5,5,£37.50
Brett,Missenden,Female,09/12/2023,5,3,20,£150.00
Herbert,Roll,Male,29/12/2023,5,1,11,£55.00
Kiley,Baudi,Female,04/01/2023,6,3,1,£7.50
Wakefield,Spratley,Male,04/01/2023,6,5,6,£45.00
Inger,Rustedge,Male,12/01/2023,6,6,20,£120.00
Don,Prendergrast,Male,28/01/2023,6,6,1,£6.00
Levon,Pietzner,Male,30/01/2023,6,4,5,£32.50
Beverley,Harvie,Female,01/02/2023,6,5,4,£30.00
Vidovik,O'Hickee,Male,07/02/2023,6,1,14,£70.00
Gwenette,Loude,Female,09/02/2023,6,6,9,£54.00
Darlleen,Scammonden,Female,19/02/2023,6,6,7,£42.00
Shaun,Folcarelli,Male,23/02/2023,6,3,18,£135.00
Sheila,Thomasen,Female,28/02/2023,6,2,9,£49.50
Ado,Carine,Male,01/03/2023,6,5,2,£15.00
Constantia,Toderini,Female,01/03/2023,6,6,9,£54.00
Silvanus,Iglesias,Male,03/03/2023,6,1,15,£75.00
Nance,Boyda,Female,04/03/2023,6,3,5,£37.50
Dahlia,Lynett,Female,11/03/2023,6,5,19,£142.50
Hiram,Soanes,Male,13/03/2023,6,2,11,£60.50
Dall,Brumble,Male,18/03/2023,6,3,11,£82.50
Eleni,Apedaile,Female,19/03/2023,6,3,17,£127.50
Bernardine,Ploughwright,Female,23/03/2023,6,3,9,£67.50
Alair,Drynan,Male,27/03/2023,6,1,7,£35.00
Dan,Biggs,Male,01/04/2023,6,2,19,£104.50
Brendis,Edmundson,Male,09/04/2023,6,2,16,£88.00
Sutton,Radden,Male,17/04/2023,6,3,5,£37.50
Gipsy,Dondon,Female,17/04/2023,6,3,19,£142.50
Erroll,Koenen,Male,19/04/2023,6,4,13,£84.50
Gerard,Genese,Male,21/04/2023,6,2,8,£44.00
Chrystel,Shovelin,Female,22/04/2023,6,1,12,£60.00
Thaxter,Pavolini,Male,24/04/2023,6,2,19,£104.50
Wendi,Styles,Female,28/04/2023,6,5,4,£30.00
Barbabas,Grundy,Male,01/05/2023,6,4,2,£13.00
Krystal,Burkin,Female,02/05/2023,6,6,16,£96.00
Dodi,Joney,Female,02/05/2023,6,4,17,£110.50
Clark,Woodfield,Male,03/05/2023,6,2,8,£44.00
Hoyt,Stronghill,Male,03/05/2023,6,5,14,£105.00
Tonnie,Vallack,Male,04/05/2023,6,4,7,£45.50
Shandee,Del Dello,Female,05/05/2023,6,5,3,£22.50
Judah,McGrayle,Male,09/05/2023,6,3,12,£90.00
Wallas,Bacher,Male,20/05/2023,6,1,6,£30.00
Washington,Longworthy,Male,24/05/2023,6,5,5,£37.50
Elvyn,Burges,Male,24/05/2023,6,6,7,£42.00
Lucretia,Cleobury,Female,29/05/2023,6,2,12,£66.00
Maurizia,Kemmey,Female,03/06/2023,6,5,5,£37.50
Aarika,Souza,Female,06/06/2023,6,4,1,£6.50
Helyn,Kennan,Female,06/06/2023,6,5,6,£45.00
Juline,Meininking,Female,06/06/2023,6,1,3,£15.00
Jaimie,Dunseath,Female,13/06/2023,6,2,5,£27.50
Ninette,Connachan,Female,24/06/2023,6,1,1,£5.00
Charlie,Pailin,Male,26/06/2023,6,6,15,£90.00
Hortensia,Habbert,Female,29/06/2023,6,3,10,£75.00
Tasha,Webburn,Female,01/07/2023,6,3,16,£120.00
Wilone,Giocannoni,Female,01/07/2023,6,2,9,£49.50
Cale,Grasner,Male,06/07/2023,6,6,10,£60.00
Nestor,Walhedd,Male,06/07/2023,6,5,14,£105.00
Courtney,Ceillier,Female,10/07/2023,6,6,12,£72.00
Cecilio,Leggin,Male,15/07/2023,6,1,15,£75.00
Lemmie,Reuven,Male,22/07/2023,6,3,15,£112.50
Morrie,Graser,Male,26/07/2023,6,2,1,£5.50
Jilli,Curlis,Female,27/07/2023,6,1,7,£35.00
Timotheus,McIlreavy,Male,29/07/2023,6,3,5,£37.50
Carleton,Masdin,Male,31/07/2023,6,1,16,£80.00
Amberly,Oldroyde,Female,01/08/2023,6,1,12,£60.00
Ofella,Mico,Female,01/08/2023,6,1,7,£35.00
Claiborn,Ismirnioglou,Male,04/08/2023,6,5,4,£30.00
Amelia,Faulconbridge,Female,06/08/2023,6,6,4,£24.00
Pooh,Inde,Male,07/08/2023,6,5,14,£105.00
Spencer,Tavernor,Male,07/08/2023,6,5,10,£75.00
Maud,Bourchier,Female,11/08/2023,6,1,6,£30.00
Jerrilee,Rattry,Female,16/08/2023,6,5,6,£45.00
Vail,Ruusa,Male,18/08/2023,6,5,20,£150.00
Trefor,Trewhitt,Male,20/08/2023,6,5,5,£37.50
Karrah,Quayle,Female,24/08/2023,6,5,11,£82.50
Valle,Betteney,Male,25/08/2023,6,3,16,£120.00
Delmer,Ceeley,Male,27/08/2023,6,6,18,£108.00
Petunia,Josefowicz,Female,29/08/2023,6,4,20,£130.00
Wolf,Teesdale,Male,31/08/2023,6,1,20,£100.00
Mychal,Dacca,Male,03/09/2023,6,3,20,£150.00
Alvy,Le Barre,Male,04/09/2023,6,2,6,£33.00
Tate,Davys,Male,06/09/2023,6,5,7,£52.50
Dominica,Dziwisz,Female,07/09/2023,6,2,20,£110.00
Goober,Sinnocke,Male,12/09/2023,6,5,8,£60.00
Purcell,Klauer,Male,14/09/2023,6,4,10,£65.00
Pete,Keelin,Male,23/09/2023,6,6,3,£18.00
Adamo,Muriel,Male,26/09/2023,6,5,20,£150.00
Natassia,Tailby,Female,06/10/2023,6,1,9,£45.00
Forrest,Trimby,Male,09/10/2023,6,6,6,£36.00
Fredi,Dyson,Male,13/10/2023,6,6,15,£90.00
Gaven,Turbayne,Male,15/10/2023,6,6,14,£84.00
Flore,Sambell,Female,16/10/2023,6,2,18,£99.00
Jefferson,Roggers,Male,17/10/2023,6,2,1,£5.50
Mada,Paolozzi,Female,22/10/2023,6,3,1,£7.50
Aggie,Brimming,Female,24/10/2023,6,4,11,£71.50
Cindee,Ruddoch,Female,30/10/2023,6,5,4,£30.00
Almeda,Dauby,Female,31/10/2023,6,5,13,£97.50
Carmen,McComish,Female,10/11/2023,6,4,8,£52.00
Heather,Oertzen,Female,10/11/2023,6,2,1,£5.50
Alison,Featley,Female,15/11/2023,6,6,7,£42.00
Flint,Flarity,Male,23/11/2023,6,1,9,£45.00
Garrott,Conan,Male,25/11/2023,6,2,7,£38.50
Sibeal,Denyukin,Female,25/11/2023,6,4,20,£130.00
Devondra,Dubery,Female,01/12/2023,6,4,12,£78.00
Massimo,Nesbitt,Male,02/12/2023,6,5,4,£30.00
Gerti,Finessy,Female,02/12/2023,6,5,16,£120.00
Luke,Batecok,Male,06/12/2023,6,1,2,£10.00
Dieter,McTurlough,Male,07/12/2023,6,4,2,£13.00
Portia,Menis,Female,14/12/2023,6,2,20,£110.00
Ginger,Farmery,Male,17/12/2023,6,3,2,£15.00
Eddy,Broomhead,Male,19/12/2023,6,1,6,£30.00
Jae,Gierek,Male,21/12/2023,6,6,9,£54.00
Franky,Bonney,Male,22/12/2023,6,3,20,£150.00
Kippy,Buckingham,Female,28/12/2023,6,2,20,£110.00
Martin,Heustace,Male,30/12/2023,6,4,19,£123.50
Rodge,Messom,Male,04/01/2023,7,5,14,£105.00
Marsh,Deroche,Male,07/01/2023,7,5,18,£135.00
Katey,Hyde-Chambers,Female,12/01/2023,7,3,12,£90.00
Katya,Escale,Female,12/01/2023,7,2,11,£60.50
Kerwinn,Rackham,Male,15/01/2023,7,6,3,£18.00
Doloritas,Drennan,Female,19/01/2023,7,4,5,£32.50
Verine,Boyton,Female,21/01/2023,7,6,4,£24.00
Barn,O'Cannavan,Male,05/02/2023,7,3,19,£142.50
Julienne,Bullas,Female,06/02/2023,7,5,10,£75.00
Bat,Jennins,Male,08/02/2023,7,5,1,£7.50
Donica,Faye,Female,16/02/2023,7,5,7,£52.50
Patrice,Raysdale,Male,16/02/2023,7,5,11,£82.50
Aigneis,Biasioni,Female,22/02/2023,7,3,6,£45.00
Brett,Mavin,Male,24/02/2023,7,2,17,£93.50
Averill,Vallow,Male,24/02/2023,7,3,12,£90.00
Ethelin,Gainseford,Female,01/03/2023,7,5,13,£97.50
Orland,Heikkinen,Male,04/03/2023,7,4,7,£45.50
Wyatt,Midlar,Male,04/03/2023,7,1,1,£5.00
Basil,Iskower,Male,05/03/2023,7,1,14,£70.00
Sharline,Bromley,Female,06/03/2023,7,6,13,£78.00
Barney,Palatino,Male,07/03/2023,7,6,3,£18.00
Blythe,Gilbertson,Female,07/03/2023,7,1,8,£40.00
Dyna,Steedman,Female,08/03/2023,7,1,18,£90.00
Farrell,Gravett,Male,10/03/2023,7,4,17,£110.50
Adam,Hellwing,Male,20/03/2023,7,6,10,£60.00
Stephannie,Latore,Female,24/03/2023,7,1,11,£55.00
Lovell,Dash,Male,25/03/2023,7,3,15,£112.50
Courtney,Grendon,Female,26/03/2023,7,1,17,£85.00
Waylen,Winslet,Male,26/03/2023,7,2,16,£88.00
Orville,Earnshaw,Male,01/04/2023,7,2,16,£88.00
Amabelle,Greenley,Female,04/04/2023,7,5,1,£7.50
Gertie,Letteresse,Female,05/04/2023,7,3,16,£120.00
Marmaduke,Skelcher,Male,11/04/2023,7,5,18,£135.00
Dagmar,Carrell,Female,13/04/2023,7,1,16,£80.00
Stace,Stirling,Female,15/04/2023,7,5,14,£105.00
Case,Bellin,Male,18/04/2023,7,5,16,£120.00
Kristian,Loble,Male,20/04/2023,7,1,15,£75.00
Nealy,Maudlen,Male,21/04/2023,7,3,9,£67.50
Hanson,Muglestone,Male,21/04/2023,7,6,15,£90.00
Aurthur,Daynter,Male,22/04/2023,7,2,8,£44.00
Yance,Trudgeon,Male,04/05/2023,7,1,8,£40.00
Garner,Garnar,Male,05/05/2023,7,3,13,£97.50
Mirella,Laurenzi,Female,08/05/2023,7,1,15,£75.00
Shandy,de Cullip,Female,10/05/2023,7,6,8,£48.00
Maridel,Clougher,Female,26/05/2023,7,2,14,£77.00
Luce,Goulding,Male,29/05/2023,7,1,2,£10.00
Lari,Tomasino,Female,29/05/2023,7,3,6,£45.00
Whitaker,Kelleher,Male,29/05/2023,7,1,4,£20.00
Sabra,Skillicorn,Female,02/06/2023,7,6,15,£90.00
Liesa,Kunes,Female,02/06/2023,7,3,6,£45.00
Vincent,Burdoun,Male,16/06/2023,7,1,6,£30.00
Catie,Northcliffe,Female,20/06/2023,7,5,13,£97.50
Knox,Fowle,Male,21/06/2023,7,2,4,£22.00
Niel,Caverhill,Male,03/07/2023,7,3,12,£90.00
Cortney,Christin,Female,06/07/2023,7,4,2,£13.00
Stacee,Glaum,Female,08/07/2023,7,6,1,£6.00
Katrinka,Fleet,Female,10/07/2023,7,5,11,£82.50
Marven,Howson,Male,14/07/2023,7,1,18,£90.00
Dmitri,Gidney,Male,23/07/2023,7,1,16,£80.00
Wallis,Raithbie,Male,25/07/2023,7,3,3,£22.50
Franz,Bold,Male,27/07/2023,7,1,7,£35.00
Orv,Stansfield,Male,06/08/2023,7,2,2,£11.00
Jayne,Ducastel,Female,14/08/2023,7,3,12,£90.00
Twila,Roberson,Female,15/08/2023,7,1,3,£15.00
Emerson,Pieterick,Male,25/08/2023,7,2,6,£33.00
Kristyn,McCluin,Female,30/08/2023,7,4,10,£65.00
Franz,Vint,Male,07/09/2023,7,5,19,£142.50
Jacqui,Stuart,Female,07/09/2023,7,5,10,£75.00
Eddi,Crowder,Female,13/09/2023,7,5,13,£97.50
Jeff,Paolinelli,Male,13/09/2023,7,1,9,£45.00
Torin,Hullyer,Male,15/09/2023,7,1,8,£40.00
Annecorinne,MacNeill,Female,20/09/2023,7,4,13,£84.50
Dacey,Minchenton,Female,21/09/2023,7,4,13,£84.50
Obidiah,Madgewick,Female,23/09/2023,7,2,13,£71.50
Keen,Flux,Male,30/09/2023,7,1,4,£20.00
Zelda,Legonidec,Female,04/10/2023,7,4,14,£91.00
Devondra,Dubery,Female,05/10/2023,7,1,8,£40.00
Danella,Kimmince,Female,07/10/2023,7,4,6,£39.00
Neils,Raitt,Male,08/10/2023,7,6,15,£90.00
Gabriela,Zelner,Female,11/10/2023,7,3,7,£52.50
Brynn,Ingarfill,Female,16/10/2023,7,1,19,£95.00
Jerrome,Haville,Male,20/10/2023,7,6,17,£102.00
Jody,Ortelt,Male,20/10/2023,7,4,1,£6.50
Chrisse,Matskevich,Male,24/10/2023,7,3,14,£105.00
Janeczka,Bowery,Female,26/10/2023,7,1,19,£95.00
Gussi,Cordsen,Female,26/10/2023,7,5,11,£82.50
Pooh,Enston,Male,28/10/2023,7,2,4,£22.00
Humberto,Whiten,Male,31/10/2023,7,2,3,£16.50
Prisca,Kruschev,Female,10/11/2023,7,5,7,£52.50
Hortensia,Matysiak,Female,12/11/2023,7,3,15,£112.50
Mead,Dericot,Male,26/11/2023,7,1,7,£35.00
Jarrett,Johantges,Male,03/12/2023,7,5,8,£60.00
Eldridge,Kas,Male,04/12/2023,7,6,5,£30.00
Robinett,Kobke,Female,11/12/2023,7,4,18,£117.00
Melitta,O'Kennavain,Female,26/12/2023,7,2,17,£93.50
Betty,Silbersak,Female,08/01/2023,8,2,13,£71.50
Brion,Larrat,Male,08/01/2023,8,2,18,£99.00
Constancy,Abramski,Female,08/01/2023,8,6,20,£120.00
Lee,Heelis,Male,17/01/2023,8,5,20,£150.00
Lolita,Galland,Female,20/01/2023,8,2,6,£33.00
Yolande,Castel,Female,21/01/2023,8,1,9,£45.00
Donavon,Jorio,Male,24/01/2023,8,2,4,£22.00
Lisetta,Christauffour,Female,02/02/2023,8,6,15,£90.00
Miof mela,Renneke,Female,07/02/2023,8,6,12,£72.00
Brittan,Tremaine,Female,12/02/2023,8,4,9,£58.50
Stefanie,Klosser,Female,20/02/2023,8,2,13,£71.50
Melli,Guise,Female,20/02/2023,8,5,7,£52.50
Emilia,Koppeck,Female,22/02/2023,8,3,2,£15.00
Antin,Chstney,Male,22/02/2023,8,1,5,£25.00
Kimble,Elsley,Male,09/03/2023,8,6,6,£36.00
Bette-ann,de Tocqueville,Female,11/03/2023,8,6,11,£66.00
Paxon,Marchant,Male,15/03/2023,8,1,11,£55.00
Curcio,Hitzschke,Male,26/03/2023,8,5,9,£67.50
Trey,Pendrill,Male,26/03/2023,8,4,7,£45.50
Morie,Behnecke,Male,04/04/2023,8,3,9,£67.50
Marnia,Kramer,Female,11/04/2023,8,6,6,£36.00
Sapphira,Laneham,Female,22/04/2023,8,3,17,£127.50
Charmian,Attenborough,Female,28/04/2023,8,5,12,£90.00
Joleen,Domenicone,Female,30/04/2023,8,6,4,£24.00
Sile,Ilyin,Female,02/05/2023,8,1,11,£55.00
Dante,Dyble,Male,04/05/2023,8,4,17,£110.50
Ingmar,Glaister,Male,06/05/2023,8,1,2,£10.00
Arman,Veivers,Male,10/05/2023,8,6,20,£120.00
Adriano,Solomon,Male,13/05/2023,8,3,13,£97.50
Ignacius,Bogart,Male,15/05/2023,8,3,17,£127.50
Carmon,Blodget,Female,20/05/2023,8,2,15,£82.50
Demott,Landall,Male,21/05/2023,8,4,13,£84.50
Alexia,Bevington,Female,21/05/2023,8,1,15,£75.00
Conrade,Seabright,Male,24/05/2023,8,2,6,£33.00
Lillis,Longland,Female,25/05/2023,8,1,14,£70.00
Laughton,Horley,Male,29/05/2023,8,6,8,£48.00
Michal,Dudlestone,Male,04/06/2023,8,2,16,£88.00
Yetty,Boustead,Female,04/06/2023,8,5,6,£45.00
Briana,Beamont,Female,06/06/2023,8,6,12,£72.00
El,Hurll,Male,11/06/2023,8,4,1,£6.50
Ramsey,Redmore,Male,11/06/2023,8,2,5,£27.50
Pansie,Ondrus,Female,14/06/2023,8,5,3,£22.50
Nolan,Lilley,Female,17/06/2023,8,5,14,£105.00
Ethe,Eagan,Male,17/06/2023,8,2,12,£66.00
Robinetta,Foxwell,Female,20/06/2023,8,1,19,£95.00
Kimmy,Greenman,Female,26/06/2023,8,5,15,£112.50
Car,Stables,Male,27/06/2023,8,3,5,£37.50
Kiah,Arrigucci,Female,01/07/2023,8,1,12,£60.00
Gustavo,Ickovitz,Male,09/07/2023,8,6,18,£108.00
Spencer,Yewdale,Male,11/07/2023,8,2,11,£60.50
Simone,Acaster,Male,21/07/2023,8,4,2,£13.00
Piper,Jennery,Female,03/08/2023,8,6,10,£60.00
Sancho,Sangra,Male,07/08/2023,8,5,7,£52.50
Giuseppe,Mortlock,Male,16/08/2023,8,3,4,£30.00
Julieta,Breese,Female,16/08/2023,8,6,9,£54.00
Kevon,Cogger,Male,17/08/2023,8,4,10,£65.00
Lorrie,Klimashevich,Male,21/08/2023,8,3,18,£135.00
Waiter,Krout,Male,24/08/2023,8,6,20,£120.00
Holli,Blaise,Female,24/08/2023,8,5,16,£120.00
Jacintha,Blasoni,Female,27/08/2023,8,3,10,£75.00
Raimund,Garn,Male,02/09/2023,8,2,16,£88.00
Cynthia,Abdie,Female,05/09/2023,8,4,20,£130.00
Tory,Grimble,Female,06/09/2023,8,6,7,£42.00
Bobbie,Blamey,Female,07/09/2023,8,4,9,£58.50
Gregory,Gozzard,Male,09/09/2023,8,1,9,£45.00
Valerye,Shalloo,Female,17/09/2023,8,4,20,£130.00
Lucita,Glynn,Female,18/09/2023,8,1,20,£100.00
Marti,Warriner,Female,20/09/2023,8,4,3,£19.50
Emelyne,Mehaffey,Female,25/09/2023,8,6,2,£12.00
Olly,Eburah,Male,26/09/2023,8,5,15,£112.50
Andreana,Bogace,Female,29/09/2023,8,3,10,£75.00
Risa,Boram,Female,29/09/2023,8,4,17,£110.50
Chastity,Coxwell,Female,03/10/2023,8,1,15,£75.00
Ilyse,Fossord,Female,08/10/2023,8,6,18,£108.00
Barrie,Beeching,Male,10/10/2023,8,4,8,£52.00
Hermine,Paddick,Female,19/10/2023,8,2,18,£99.00
Flory,Grece,Female,21/10/2023,8,5,17,£127.50
Edy,Randalson,Female,22/10/2023,8,1,2,£10.00
Lind,Blaycock,Female,23/10/2023,8,1,16,£80.00
Bennie,Lytle,Male,24/10/2023,8,1,15,£75.00
Ara,Persey,Male,02/11/2023,8,2,9,£49.50
Avery,McGhee,Male,05/11/2023,8,2,13,£71.50
Trenna,Jennions,Female,05/11/2023,8,6,18,£108.00
Darill,Ricold,Male,08/11/2023,8,5,13,£97.50
Quintana,Jeanin,Female,09/11/2023,8,5,10,£75.00
Dredi,Blodget,Female,10/11/2023,8,4,13,£84.50
Sherline,Willimont,Female,17/11/2023,8,1,1,£5.00
Bessy,Drynan,Female,24/11/2023,8,3,7,£52.50
Annis,Halfacree,Female,02/12/2023,8,2,14,£77.00
Claudette,Cannan,Female,13/12/2023,8,5,13,£97.50
Renaldo,Casier,Male,16/12/2023,8,5,9,£67.50
Arvie,De Gregario,Male,20/12/2023,8,4,20,£130.00
Cordi,Searchwell,Male,21/12/2023,8,3,19,£142.50
Gene,Carlsen,Male,05/01/2023,9,6,8,£48.00
Peirce,Wigley,Male,12/01/2023,9,3,20,£150.00
Paxon,Lucchi,Male,13/01/2023,9,4,7,£45.50
Elinore,Auchterlonie,Female,15/01/2023,9,2,6,£33.00
Ozzy,McGeorge,Male,17/01/2023,9,6,4,£24.00
Luisa,Greenard,Female,20/01/2023,9,1,6,£30.00
Adelaida,Greeveson,Female,23/01/2023,9,6,6,£36.00
Doro,Ucceli,Female,25/01/2023,9,1,7,£35.00
Guillemette,Fair,Female,27/01/2023,9,5,2,£15.00
Uriel,Quarles,Male,29/01/2023,9,1,2,£10.00
Hinda,Finley,Female,04/02/2023,9,1,3,£15.00
Etti,Bodicam,Female,12/02/2023,9,1,12,£60.00
Albertine,Tale,Female,14/02/2023,9,1,19,£95.00
Marchall,Free,Male,16/02/2023,9,5,12,£90.00
Genovera,Farmer,Female,18/02/2023,9,6,8,£48.00
Tymothy,Ollarenshaw,Male,18/02/2023,9,2,9,£49.50
Bari,Fingleton,Female,19/02/2023,9,3,18,£135.00
Shurwood,Cersey,Male,22/02/2023,9,2,16,£88.00
Patrizius,Lambotin,Male,23/02/2023,9,4,17,£110.50
Glendon,Laver,Male,24/02/2023,9,2,12,£66.00
Karia,Sidey,Female,24/02/2023,9,3,16,£120.00
Wat,Clurow,Male,25/02/2023,9,3,10,£75.00
Brien,Prophet,Male,02/03/2023,9,1,12,£60.00
Blondy,Walsh,Female,06/03/2023,9,2,12,£66.00
Storm,Wailes,Female,19/03/2023,9,3,19,£142.50
Jethro,Harling,Male,24/03/2023,9,5,15,£112.50
Gavan,Canter,Male,29/03/2023,9,1,5,£25.00
Trina,Dever,Female,31/03/2023,9,1,4,£20.00
Dennet,Picken,Male,04/04/2023,9,1,6,£30.00
Kelcey,Furber,Female,12/04/2023,9,3,6,£45.00
Sonni,Bygrave,Female,15/04/2023,9,6,15,£90.00
Billye,MacDirmid,Male,21/04/2023,9,3,13,£97.50
Karney,Exposito,Male,22/04/2023,9,1,5,£25.00
Adina,Stanlike,Female,22/04/2023,9,4,20,£130.00
Claus,Syrie,Male,23/04/2023,9,1,14,£70.00
Gwenneth,Cottesford,Female,25/04/2023,9,5,1,£7.50
Holden,Swainston,Male,01/05/2023,9,6,4,£24.00
Theo,Gowdie,Male,02/05/2023,9,2,3,£16.50
Kira,Allwell,Female,03/05/2023,9,4,15,£97.50
Frasco,Blown,Male,07/05/2023,9,2,4,£22.00
Marji,Boud,Female,08/05/2023,9,2,17,£93.50
Hieronymus,Piggford,Male,12/05/2023,9,5,7,£52.50
Nicolas,Hinzer,Male,12/05/2023,9,5,3,£22.50
Tammy,Cowlam,Female,18/05/2023,9,6,9,£54.00
Kit,Merrywether,Male,27/05/2023,9,1,20,£100.00
Rodolfo,Aizic,Male,28/05/2023,9,1,2,£10.00
Johny,Millichap,Male,31/05/2023,9,6,1,£6.00
Sharia,Nossent,Female,02/06/2023,9,5,9,£67.50
Janela,MacGiolla Pheadair,Female,06/06/2023,9,4,2,£13.00
Wanda,Gamil,Female,22/06/2023,9,5,13,£97.50
Harrie,Cardero,Female,28/06/2023,9,1,12,£60.00
Jeanine,Popelay,Female,29/06/2023,9,5,15,£112.50
Marice,Calterone,Female,30/06/2023,9,5,5,£37.50
Barnard,Hedgeley,Male,01/07/2023,9,4,3,£19.50
Edith,Foulstone,Female,03/07/2023,9,2,12,£66.00
Eydie,Hedgeman,Male,04/07/2023,9,3,2,£15.00
Coraline,Gallie,Female,05/07/2023,9,1,17,£85.00
Noelani,Birmingham,Female,10/07/2023,9,5,16,£120.00
Kaycee,Renachowski,Female,11/07/2023,9,4,17,£110.50
Friederike,Skellion,Female,17/07/2023,9,5,18,£135.00
Shannon,Wethered,Male,25/07/2023,9,2,18,£99.00
Sullivan,Kensington,Male,28/07/2023,9,3,8,£60.00
Hewe,Dalla,Male,04/08/2023,9,5,11,£82.50
Petra,Cattel,Female,06/08/2023,9,4,15,£97.50
Vinnie,Pennycook,Male,15/08/2023,9,2,8,£44.00
Mannie,McIlraith,Male,16/08/2023,9,4,20,£130.00
Caitrin,Monkhouse,Female,30/08/2023,9,4,3,£19.50
Tony,Curnnokk,Male,31/08/2023,9,4,18,£117.00
Fran,McKilroe,Female,05/09/2023,9,2,9,£49.50
Cyril,Krammer,Male,08/09/2023,9,3,12,£90.00
Germayne,Morpeth,Male,11/09/2023,9,2,12,£66.00
Randie,Gaitung,Male,19/09/2023,9,6,20,£120.00
Torin,Bronger,Male,21/09/2023,9,4,10,£65.00
Moshe,Zanotti,Male,23/09/2023,9,3,15,£112.50
Fulvia,Oxburgh,Female,28/09/2023,9,2,5,£27.50
Sebastian,Frisdick,Male,28/09/2023,9,1,2,£10.00
Farris,Balch,Male,29/09/2023,9,3,8,£60.00
Melinda,Shinn,Female,05/10/2023,9,5,6,£45.00
Lishe,Takkos,Male,09/10/2023,9,2,7,£38.50
Nanine,Gull,Female,10/10/2023,9,4,12,£78.00
Ulrike,Perschke,Female,11/10/2023,9,1,12,£60.00
Alaine,Walne,Female,13/10/2023,9,5,15,£112.50
Bren,Lampke,Male,13/10/2023,9,4,14,£91.00
Nydia,Fountain,Female,27/10/2023,9,1,19,£95.00
Tabbitha,Tooth,Female,28/10/2023,9,3,15,£112.50
Juieta,McMakin,Female,30/10/2023,9,3,6,£45.00
Faydra,Collcott,Female,01/11/2023,9,6,16,£96.00
Robbie,Edgin,Male,02/11/2023,9,3,15,£112.50
Farley,Manilo,Male,05/11/2023,9,2,7,£38.50
Karel,Clohisey,Male,05/11/2023,9,1,7,£35.00
Ros,Klimczak,Female,06/11/2023,9,5,14,£105.00
Martynne,Hawe,Female,12/11/2023,9,2,18,£99.00
Lisetta,Tonna,Female,12/11/2023,9,6,14,£84.00
Chiquia,Barajaz,Female,14/11/2023,9,6,20,£120.00
Othella,Beincken,Male,18/11/2023,9,2,17,£93.50
Norean,Kobpa,Female,20/11/2023,9,1,14,£70.00
Bari,Tamsett,Female,23/11/2023,9,3,6,£45.00
Demott,Scriver,Male,06/12/2023,9,5,14,£105.00
Cate,Jancar,Female,08/12/2023,9,6,3,£18.00
Ashli,Blyth,Female,10/12/2023,9,4,19,£123.50
Winnie,Maingot,Female,10/12/2023,9,1,11,£55.00
Anya,Ranner,Female,21/12/2023,9,6,17,£102.00
Farlay,Jorczyk,Male,26/12/2023,9,6,9,£54.00
